"table","category","group","analysis","metric","old_value","new_value","difference","old_display","new_display"
"Table 6","Theoretical Foundation","Risk","raw","pub_oos",43.1896864386055,43.1896864386054,-5.6843418860808e-14,"43","43"
"Table 6","Theoretical Foundation","Risk","raw","pub_oos_se",7.94587822654156,10.969159272181,3.02328104563949,"8","11"
"Table 6","Theoretical Foundation","Risk","raw","outperform",5.32302582803874,5.32302582803873,-1.06581410364015e-14,"5","5"
"Table 6","Theoretical Foundation","Risk","raw","outperform_se",8.18804900025889,10.6476929827117,2.45964398245282,"8","11"
"Table 6","Theoretical Foundation","Mispricing","raw","pub_oos",55.2170014716959,55.2170014716959,-7.105427357601e-15,"55","55"
"Table 6","Theoretical Foundation","Mispricing","raw","pub_oos_se",3.72177311520133,8.31401313659513,4.5922400213938,"4","8"
"Table 6","Theoretical Foundation","Mispricing","raw","outperform",4.13736896674621,4.13736896674622,6.21724893790088e-15,"4","4"
"Table 6","Theoretical Foundation","Mispricing","raw","outperform_se",3.82834296753622,7.29245996450644,3.46411699697022,"4","7"
"Table 6","Theoretical Foundation","Agnostic","raw","pub_oos",65.0598729764807,65.0598729764808,2.8421709430404e-14,"65","65"
"Table 6","Theoretical Foundation","Agnostic","raw","pub_oos_se",7.8144748881381,12.2839959246485,4.46952103651037,"8","12"
"Table 6","Theoretical Foundation","Agnostic","raw","outperform",8.58472309423084,8.58472309423084,3.5527136788005e-15,"9","9"
"Table 6","Theoretical Foundation","Agnostic","raw","outperform_se",8.01777617504897,14.3899605234448,6.37218434839579,"8","14"
"Table 6","Modeling Formalism","No Model","raw","pub_oos",55.646022054615,55.646022054615,-1.4210854715202e-14,"56","56"
"Table 6","Modeling Formalism","No Model","raw","pub_oos_se",3.32171469664335,7.79335564332105,4.4716409466777,"3","8"
"Table 6","Modeling Formalism","No Model","raw","outperform",4.8015428770143,4.80154287701429,-4.44089209850063e-15,"5","5"
"Table 6","Modeling Formalism","No Model","raw","outperform_se",3.4128412183498,7.21651428382237,3.80367306547257,"3","7"
"Table 6","Modeling Formalism","Stylized","raw","pub_oos",63.4466136147912,63.4466136147912,1.4210854715202e-14,"63","63"
"Table 6","Modeling Formalism","Stylized","raw","pub_oos_se",12.1805666406509,16.1204173639728,3.93985072332194,"12","16"
"Table 6","Modeling Formalism","Stylized","raw","outperform",14.9511505796983,14.9511505796983,3.5527136788005e-15,"15","15"
"Table 6","Modeling Formalism","Stylized","raw","outperform_se",12.5849688832963,13.6023840604393,1.01741517714295,"13","14"
"Table 6","Modeling Formalism","Dynamic or Quantitative","raw","pub_oos",33.8051522526199,33.8051522526199,7.105427357601e-15,"34","34"
"Table 6","Modeling Formalism","Dynamic or Quantitative","raw","pub_oos_se",13.6706509178281,9.07653791800432,-4.59411299982377,"14","9"
"Table 6","Modeling Formalism","Dynamic or Quantitative","raw","outperform",-1.71299952455841,-1.71299952455841,2.22044604925031e-16,"-2","-2"
"Table 6","Modeling Formalism","Dynamic or Quantitative","raw","outperform_se",14.3542759263529,8.77956112108477,-5.57471480526813,"14","9"
"Table 6","Overall","Overall","raw","pub_oos",55.5224837695336,55.5224837695336,0,"56","56"
"Table 6","Overall","Overall","raw","pub_oos_se",3.13688113184946,7.01962217941902,3.88274104756956,"3","7"
"Table 6","Overall","Overall","raw","outperform",5.27753360880027,5.27753360880027,0,"5","5"
"Table 6","Overall","Overall","raw","outperform_se",3.22527937252623,6.68522706723311,3.45994769470688,"3","7"
"Table 7","Discipline","Finance","raw","pub_oos",58.5524486605503,59.4497360146916,0.897287354141369,"59","59"
"Table 7","Discipline","Finance","raw","pub_oos_se",3.567966466364,7.56985251629187,4.00188604992787,"4","8"
"Table 7","Discipline","Finance","raw","outperform",7.64629171487003,8.33578225103723,0.689490536167195,"8","8"
"Table 7","Discipline","Finance","raw","outperform_se",3.66831238819412,7.1621034882947,3.49379110010059,"4","7"
"Table 7","Discipline","Accounting","raw","pub_oos",42.5224938185489,43.1829232960998,0.660429477550885,"43","43"
"Table 7","Discipline","Accounting","raw","pub_oos_se",6.41176926373868,9.34095174981589,2.92918248607721,"6","9"
"Table 7","Discipline","Accounting","raw","outperform",-5.5657482425587,-4.8564441026391,0.709304139919596,"-6","-5"
"Table 7","Discipline","Accounting","raw","outperform_se",6.5979741690393,9.71537764642109,3.11740347738179,"7","10"
"Table 7","Journal Rank","JF, JFE, RFS","raw","pub_oos",60.3385347457825,60.3385347457825,-2.1316282072803e-14,"60","60"
"Table 7","Journal Rank","JF, JFE, RFS","raw","pub_oos_se",4.25705445197633,8.28376927349155,4.02671482151522,"4","8"
"Table 7","Journal Rank","JF, JFE, RFS","raw","outperform",7.52459571931897,7.52459571931896,-3.5527136788005e-15,"8","8"
"Table 7","Journal Rank","JF, JFE, RFS","raw","outperform_se",4.37226578588702,8.03029469135522,3.6580289054682,"4","8"
"Table 7","Journal Rank","AR, JAR, JAE","raw","pub_oos",42.5224938185489,42.5224938185489,7.105427357601e-15,"43","43"
"Table 7","Journal Rank","AR, JAR, JAE","raw","pub_oos_se",6.41176926373868,9.16822088640263,2.75645162266394,"6","9"
"Table 7","Journal Rank","AR, JAR, JAE","raw","outperform",-5.5657482425587,-5.5657482425587,-6.21724893790088e-15,"-6","-6"
"Table 7","Journal Rank","AR, JAR, JAE","raw","outperform_se",6.5979741690393,9.64019575633023,3.04222158729092,"7","10"
"Table 7","Journal Rank","Other","raw","pub_oos",52.5977790954621,52.5977790954621,-7.105427357601e-15,"53","53"
"Table 7","Journal Rank","Other","raw","pub_oos_se",6.13844843665628,8.58122200369464,2.44277356703836,"6","9"
"Table 7","Journal Rank","Other","raw","outperform",8.05201652673252,8.05201652673251,-3.5527136788005e-15,"8","8"
"Table 7","Journal Rank","Other","raw","outperform_se",6.3453138531179,8.82937504569244,2.48406119257454,"6","9"
"Table IA.10","","No Model","raw","pub_oos",55.646022054615,55.646022054615,-1.4210854715202e-14,"56","56"
"Table IA.10","","No Model","raw","pub_oos_se",3.32171469664335,7.79335564332105,4.4716409466777,"3","8"
"Table IA.10","","No Model","raw","outperform",4.8015428770143,4.80154287701429,-4.44089209850063e-15,"5","5"
"Table IA.10","","No Model","raw","outperform_se",3.4128412183498,7.21651428382237,3.80367306547257,"3","7"
"Table IA.10","","Any Model","raw","pub_oos",48.6258829337056,54.3404809498079,5.71459801610235,"49","54"
"Table IA.10","","Any Model","raw","pub_oos_se",12.9470633775473,12.4660975462812,-0.480965831266065,"13","12"
"Table IA.10","","Any Model","raw","outperform",6.61907552756995,9.83176865232084,3.21269312475089,"7","10"
"Table IA.10","","Any Model","raw","outperform_se",13.4986421384414,11.2560537669345,-2.24258837150686,"13","11"
"Table 6","Theoretical Foundation","Risk","capm","pub_oos",37.7231230562795,37.7231230562795,2.8421709430404e-14,"38","38"
"Table 6","Theoretical Foundation","Risk","capm","pub_oos_se",7.92882118391083,13.8972741775142,5.96845299360341,"8","14"
"Table 6","Theoretical Foundation","Risk","capm","outperform",-3.99048467195445,-3.99048467195445,-6.21724893790088e-15,"-4","-4"
"Table 6","Theoretical Foundation","Risk","capm","outperform_se",8.36529189410088,13.9839303988465,5.6186385047456,"8","14"
"Table 6","Theoretical Foundation","Mispricing","capm","pub_oos",60.1663834385062,60.1663834385062,7.105427357601e-15,"60","60"
"Table 6","Theoretical Foundation","Mispricing","capm","pub_oos_se",3.63195545768286,7.56817925755067,3.93622379986782,"4","8"
"Table 6","Theoretical Foundation","Mispricing","capm","outperform",6.16799103227346,6.16799103227346,-2.66453525910038e-15,"6","6"
"Table 6","Theoretical Foundation","Mispricing","capm","outperform_se",3.80112135575111,7.11077737478846,3.30965601903735,"4","7"
"Table 6","Theoretical Foundation","Agnostic","capm","pub_oos",78.9249169806752,78.9249169806752,-2.8421709430404e-14,"79","79"
"Table 6","Theoretical Foundation","Agnostic","capm","pub_oos_se",8.10386650116218,14.0063850130629,5.90251851190074,"8","14"
"Table 6","Theoretical Foundation","Agnostic","capm","outperform",22.608386643033,22.608386643033,3.5527136788005e-15,"23","23"
"Table 6","Theoretical Foundation","Agnostic","capm","outperform_se",8.3443110250002,15.4862813760459,7.14197035104574,"8","15"
"Table 6","Modeling Formalism","No Model","capm","pub_oos",61.5834333663985,61.5834333663985,7.105427357601e-15,"62","62"
"Table 6","Modeling Formalism","No Model","capm","pub_oos_se",3.26592053731462,7.02109583067572,3.7551752933611,"3","7"
"Table 6","Modeling Formalism","No Model","capm","outperform",9.07162118729025,9.07162118729024,-3.5527136788005e-15,"9","9"
"Table 6","Modeling Formalism","No Model","capm","outperform_se",3.39710173697803,7.07406254357575,3.67696080659772,"3","7"
"Table 6","Modeling Formalism","Stylized","capm","pub_oos",49.2239803929564,49.2239803929564,7.105427357601e-15,"49","49"
"Table 6","Modeling Formalism","Stylized","capm","pub_oos_se",13.2595256923983,19.4938717551089,6.23434606271053,"13","19"
"Table 6","Modeling Formalism","Stylized","capm","outperform",-4.64274910257087,-4.64274910257088,-1.77635683940025e-15,"-5","-5"
"Table 6","Modeling Formalism","Stylized","capm","outperform_se",13.7416166933135,16.5114013591834,2.7697846658699,"14","17"
"Table 6","Modeling Formalism","Dynamic or Quantitative","capm","pub_oos",49.9770742174248,49.9770742174248,-1.4210854715202e-14,"50","50"
"Table 6","Modeling Formalism","Dynamic or Quantitative","capm","pub_oos_se",14.3109346325519,16.9089209272076,2.59798629465566,"14","17"
"Table 6","Modeling Formalism","Dynamic or Quantitative","capm","outperform",4.46634789711233,4.46634789711233,-2.66453525910038e-15,"4","4"
"Table 6","Modeling Formalism","Dynamic or Quantitative","capm","outperform_se",19.1358529254627,14.504709673724,-4.63114325173868,"19","15"
"Table 6","Overall","Overall","capm","pub_oos",60.4296905879253,60.4296905879253,7.105427357601e-15,"60","60"
"Table 6","Overall","Overall","capm","pub_oos_se",3.12734612123788,6.50248393091818,3.3751378096803,"3","7"
"Table 6","Overall","Overall","capm","outperform",7.9681617720543,7.9681617720543,-8.88178419700125e-16,"8","8"
"Table 6","Overall","Overall","capm","outperform_se",3.26193489478028,6.75654586507137,3.49461097029109,"3","7"
"Table 7","Discipline","Finance","capm","pub_oos",64.9394011623759,65.5254482067715,0.586047044395585,"65","66"
"Table 7","Discipline","Finance","capm","pub_oos_se",3.68658142434396,7.32252144900714,3.63594002466318,"4","7"
"Table 7","Discipline","Finance","capm","outperform",12.5015010466292,13.339058824894,0.837557778264729,"13","13"
"Table 7","Discipline","Finance","capm","outperform_se",3.83951477276948,7.64124446352368,3.8017296907542,"4","8"
"Table 7","Discipline","Accounting","capm","pub_oos",44.9016926041471,47.9599736039642,3.05828099981715,"45","48"
"Table 7","Discipline","Accounting","capm","pub_oos_se",5.57872304769498,9.45820405451565,3.87948100682066,"6","9"
"Table 7","Discipline","Accounting","capm","outperform",-8.17467327193108,-5.64679944222084,2.52787382971025,"-8","-6"
"Table 7","Discipline","Accounting","capm","outperform_se",5.87259303402915,9.59424896327397,3.72165592924483,"6","10"
"Table 7","Journal Rank","JF, JFE, RFS","capm","pub_oos",68.2136691566323,68.2136691566323,0,"68","68"
"Table 7","Journal Rank","JF, JFE, RFS","capm","pub_oos_se",4.47327547410191,8.37591495794413,3.90263948384223,"4","8"
"Table 7","Journal Rank","JF, JFE, RFS","capm","outperform",16.0812222889659,16.0812222889659,-3.5527136788005e-15,"16","16"
"Table 7","Journal Rank","JF, JFE, RFS","capm","outperform_se",4.64477265907114,8.95945996471356,4.31468730564242,"5","9"
"Table 7","Journal Rank","AR, JAR, JAE","capm","pub_oos",44.9016926041471,44.9016926041471,-7.105427357601e-15,"45","45"
"Table 7","Journal Rank","AR, JAR, JAE","capm","pub_oos_se",5.57872304769498,9.35110934918906,3.77238630149407,"6","9"
"Table 7","Journal Rank","AR, JAR, JAE","capm","outperform",-8.17467327193108,-8.17467327193108,3.5527136788005e-15,"-8","-8"
"Table 7","Journal Rank","AR, JAR, JAE","capm","outperform_se",5.87259303402915,9.22243746623063,3.34984443220149,"6","9"
"Table 7","Journal Rank","Other","capm","pub_oos",55.4107546416253,55.4107546416253,0,"55","55"
"Table 7","Journal Rank","Other","capm","pub_oos_se",6.19019700234231,9.21982126442227,3.02962426207996,"6","9"
"Table 7","Journal Rank","Other","capm","outperform",2.08393644260659,2.08393644260658,-4.88498130835069e-15,"2","2"
"Table 7","Journal Rank","Other","capm","outperform_se",6.53251047706892,9.66031101504347,3.12780053797455,"7","10"
"Table IA.10","","No Model","capm","pub_oos",61.5834333663985,61.5834333663985,7.105427357601e-15,"62","62"
"Table IA.10","","No Model","capm","pub_oos_se",3.26592053731462,7.02109583067572,3.7551752933611,"3","7"
"Table IA.10","","No Model","capm","outperform",9.07162118729025,9.07162118729024,-3.5527136788005e-15,"9","9"
"Table IA.10","","No Model","capm","outperform_se",3.39710173697803,7.07406254357575,3.67696080659772,"3","7"
"Table IA.10","","Any Model","capm","pub_oos",49.6005273051906,49.393973355824,-0.206553949366651,"50","49"
"Table IA.10","","Any Model","capm","pub_oos_se",13.795250480592,14.9432863050532,1.14803582446127,"14","15"
"Table IA.10","","Any Model","capm","outperform",-0.0882006027292732,-2.58658778811956,-2.49838718539029,"0","-3"
"Table IA.10","","Any Model","capm","outperform_se",16.6585247925933,12.9332925906423,-3.72523220195101,"17","13"
"Table 6","Theoretical Foundation","Risk","ff4","pub_oos",43.6407353073738,43.6407353073738,0,"44","44"
"Table 6","Theoretical Foundation","Risk","ff4","pub_oos_se",6.36256793058053,14.4986310834999,8.13606315291938,"6","14"
"Table 6","Theoretical Foundation","Risk","ff4","outperform",-6.11619527966239,-6.1161952796624,-7.105427357601e-15,"-6","-6"
"Table 6","Theoretical Foundation","Risk","ff4","outperform_se",6.90865225315218,11.792817324432,4.88416507127983,"7","12"
"Table 6","Theoretical Foundation","Mispricing","ff4","pub_oos",60.5583286689894,60.5583286689894,0,"61","61"
"Table 6","Theoretical Foundation","Mispricing","ff4","pub_oos_se",4.07475710450147,7.60799580972666,3.53323870522519,"4","8"
"Table 6","Theoretical Foundation","Mispricing","ff4","outperform",-3.26203131388019,-3.26203131388019,-4.44089209850063e-15,"-3","-3"
"Table 6","Theoretical Foundation","Mispricing","ff4","outperform_se",4.29355637633493,8.93761419394095,4.64405781760602,"4","9"
"Table 6","Theoretical Foundation","Agnostic","ff4","pub_oos",104.562377325272,104.562377325272,-1.4210854715202e-14,"105","105"
"Table 6","Theoretical Foundation","Agnostic","ff4","pub_oos_se",7.37280183009323,21.7351216077523,14.362319777659,"7","22"
"Table 6","Theoretical Foundation","Agnostic","ff4","outperform",35.8676835700471,35.8676835700471,2.8421709430404e-14,"36","36"
"Table 6","Theoretical Foundation","Agnostic","ff4","outperform_se",7.85017833292244,23.5986083447187,15.7484300117962,"8","24"
"Table 6","Modeling Formalism","No Model","ff4","pub_oos",68.854212703114,68.8542127031141,2.8421709430404e-14,"69","69"
"Table 6","Modeling Formalism","No Model","ff4","pub_oos_se",3.40130401721766,8.08775330146517,4.68644928424751,"3","8"
"Table 6","Modeling Formalism","No Model","ff4","outperform",5.90942558772863,5.90942558772863,-8.88178419700125e-16,"6","6"
"Table 6","Modeling Formalism","No Model","ff4","outperform_se",3.58891710208677,8.98623352872687,5.3973164266401,"4","9"
"Table 6","Modeling Formalism","Stylized","ff4","pub_oos",50.3824636979923,50.3824636979923,-7.105427357601e-15,"50","50"
"Table 6","Modeling Formalism","Stylized","ff4","pub_oos_se",7.31521712172096,22.2223114596093,14.9070943378883,"7","22"
"Table 6","Modeling Formalism","Stylized","ff4","outperform",-13.0127040948512,-13.0127040948512,-7.105427357601e-15,"-13","-13"
"Table 6","Modeling Formalism","Stylized","ff4","outperform_se",9.13621733687168,15.5256860022239,6.38946866535223,"9","16"
"Table 6","Modeling Formalism","Dynamic or Quantitative","ff4","pub_oos",32.3964183546029,32.3964183546029,1.4210854715202e-14,"32","32"
"Table 6","Modeling Formalism","Dynamic or Quantitative","ff4","pub_oos_se",16.0976743391928,29.3423582520334,13.2446839128406,"16","29"
"Table 6","Modeling Formalism","Dynamic or Quantitative","ff4","outperform",-12.6308184117262,-12.6308184117262,7.105427357601e-15,"-13","-13"
"Table 6","Modeling Formalism","Dynamic or Quantitative","ff4","outperform_se",17.0860616470952,25.0335005293819,7.94743888228668,"17","25"
"Table 6","Overall","Overall","ff4","pub_oos",66.7775885586085,66.7775885586085,0,"67","67"
"Table 6","Overall","Overall","ff4","pub_oos_se",3.16251100537003,7.46172328412122,4.2992122787512,"3","7"
"Table 6","Overall","Overall","ff4","outperform",4.25668611523808,4.25668611523807,-3.5527136788005e-15,"4","4"
"Table 6","Overall","Overall","ff4","outperform_se",3.35128995081649,8.38983560395306,5.03854565313657,"3","8"
"Table 7","Discipline","Finance","ff4","pub_oos",74.0630397824483,75.3667311474322,1.30369136498388,"74","75"
"Table 7","Discipline","Finance","ff4","pub_oos_se",3.83358266460814,9.25794909714116,5.42436643253303,"4","9"
"Table 7","Discipline","Finance","ff4","outperform",10.8483800507835,12.0802847559982,1.23190470521477,"11","12"
"Table 7","Discipline","Finance","ff4","outperform_se",4.0514127959034,10.2904418015854,6.23902900568205,"4","10"
"Table 7","Discipline","Accounting","ff4","pub_oos",44.2853452603562,46.7346917737719,2.4493465134157,"44","47"
"Table 7","Discipline","Accounting","ff4","pub_oos_se",5.20141890394669,8.77514259914033,3.57372369519363,"5","9"
"Table 7","Discipline","Accounting","ff4","outperform",-17.4773853064506,-15.127147251039,2.35023805541161,"-17","-15"
"Table 7","Discipline","Accounting","ff4","outperform_se",5.61417152805195,10.153532236909,4.53936070885702,"6","10"
"Table 7","Journal Rank","JF, JFE, RFS","ff4","pub_oos",78.2273051730242,78.2273051730241,-2.8421709430404e-14,"78","78"
"Table 7","Journal Rank","JF, JFE, RFS","ff4","pub_oos_se",4.4186134264942,10.4298966836959,6.01128325720174,"4","10"
"Table 7","Journal Rank","JF, JFE, RFS","ff4","outperform",15.4348058463337,15.4348058463337,-8.88178419700125e-15,"15","15"
"Table 7","Journal Rank","JF, JFE, RFS","ff4","outperform_se",4.66650366833874,11.7298853409693,7.06338167263051,"5","12"
"Table 7","Journal Rank","AR, JAR, JAE","ff4","pub_oos",44.2853452603562,44.2853452603562,0,"44","44"
"Table 7","Journal Rank","AR, JAR, JAE","ff4","pub_oos_se",5.20141890394669,8.39334271278246,3.19192380883577,"5","8"
"Table 7","Journal Rank","AR, JAR, JAE","ff4","outperform",-17.4773853064506,-17.4773853064506,0,"-17","-17"
"Table 7","Journal Rank","AR, JAR, JAE","ff4","outperform_se",5.61417152805195,9.96304457525452,4.34887304720257,"6","10"
"Table 7","Journal Rank","Other","ff4","pub_oos",60.652717608309,60.652717608309,2.8421709430404e-14,"61","61"
"Table 7","Journal Rank","Other","ff4","pub_oos_se",7.69766392200496,12.1693142496573,4.47165032765237,"8","12"
"Table 7","Journal Rank","Other","ff4","outperform",-3.92143929966058,-3.92143929966058,-5.32907051820075e-15,"-4","-4"
"Table 7","Journal Rank","Other","ff4","outperform_se",8.15423647772256,13.3509236261213,5.19668714839877,"8","13"
"Table IA.10","","No Model","ff4","pub_oos",68.854212703114,68.8542127031141,2.8421709430404e-14,"69","69"
"Table IA.10","","No Model","ff4","pub_oos_se",3.40130401721766,8.08775330146517,4.68644928424751,"3","8"
"Table IA.10","","No Model","ff4","outperform",5.90942558772863,5.90942558772863,-8.88178419700125e-16,"6","6"
"Table IA.10","","No Model","ff4","outperform_se",3.58891710208677,8.98623352872687,5.3973164266401,"4","9"
"Table IA.10","","Any Model","ff4","pub_oos",41.3894410262976,45.2168565025964,3.8274154762988,"41","45"
"Table IA.10","","Any Model","ff4","pub_oos_se",12.5029500652571,18.382120235417,5.87917017015992,"13","18"
"Table IA.10","","Any Model","ff4","outperform",-12.8217612532887,-12.9030262087507,-0.0812649554620766,"-13","-13"
"Table IA.10","","Any Model","ff4","outperform_se",13.7004373987638,13.1812791419515,-0.519158256812334,"14","13"
